phase,repeat,concurrency,measured_iterations,median_ns_per_iteration,p99_ns_per_iteration,median_ns_per_row
before,1,1,10000,83,125,83
before,1,8,10000,375,459,46
before,1,32,10000,1417,1750,44
before,1,128,10000,5583,7208,43
before,2,1,10000,83,125,83
before,2,8,10000,375,459,46
before,2,32,10000,1416,1542,44
before,2,128,10000,5583,7166,43
before,3,1,10000,83,125,83
before,3,8,10000,375,458,46
before,3,32,10000,1416,1583,44
before,3,128,10000,5625,7208,43
after,1,1,10000,83,125,83
after,1,8,10000,375,500,46
after,1,32,10000,1417,1542,44
after,1,128,10000,5625,6958,43
after,2,1,10000,83,125,83
after,2,8,10000,375,417,46
after,2,32,10000,1417,1583,44
after,2,128,10000,5625,7250,43
after,3,1,10000,83,125,83
after,3,8,10000,375,459,46
after,3,32,10000,1417,1584,44
after,3,128,10000,5583,6125,43
